{"chunk_definitions":[{"chunk_id":"csetup_chunk","chunk_label":"setup","document_id":"9A594BAC","expansion_state":0,"options":{"engine":"r","include":false,"label":"setup"},"row":12,"row_count":1,"visible":true},{"chunk_id":"cdd06073rt2z7","chunk_label":"unnamed-chunk-1","document_id":"9A594BAC","expansion_state":0,"options":{"engine":"r","label":"unnamed-chunk-3"},"row":53,"row_count":1,"visible":true},{"chunk_id":"cd7iaghxztn9e","chunk_label":"unnamed-chunk-2","document_id":"9A594BAC","expansion_state":0,"options":{"engine":"r","label":"unnamed-chunk-4"},"row":80,"row_count":1,"visible":true}],"doc_write_time":1558564018}