{"chunk_definitions":[{"chunk_id":"c2zk9iexg51tq","chunk_label":"unnamed-chunk-1","document_id":"42454440","expansion_state":0,"options":{"engine":"r","label":"unnamed-chunk-2"},"row":26,"row_count":1,"visible":true},{"chunk_id":"cuhqrpqjmvjme","chunk_label":"unnamed-chunk-2","document_id":"42454440","expansion_state":0,"options":{"engine":"r","label":"unnamed-chunk-3"},"row":44,"row_count":1,"visible":true},{"chunk_id":"cj42uh71uaowp","chunk_label":"unnamed-chunk-4","document_id":"42454440","expansion_state":0,"options":{"engine":"r","label":"unnamed-chunk-20"},"row":59,"row_count":1,"visible":true},{"chunk_id":"clsjdcxro75ra","chunk_label":"unnamed-chunk-5","document_id":"42454440","expansion_state":0,"options":{"engine":"r","label":"unnamed-chunk-2"},"row":62,"row_count":1,"visible":true}],"doc_write_time":1553531002}